D_repleta,D_arizonae,D_affinis
D_repleta,D_arizonae,D_americana
D_repleta,D_arizonae,D_ananassae
D_repleta,D_arizonae,D_asahinai
D_repleta,D_arizonae,D_athabasca
D_repleta,D_arizonae,D_aurauria
D_repleta,D_arizonae,D_azteca
D_repleta,D_arizonae,D_bakoue
D_repleta,D_arizonae,D_bifasciata
D_repleta,D_arizonae,D_bipectinata
D_repleta,D_arizonae,D_birchii
D_repleta,D_arizonae,D_bocqueti
D_repleta,D_arizonae,D_bromeliae
D_repleta,D_arizonae,D_bunnanda
D_repleta,D_arizonae,D_burlai
D_repleta,D_arizonae,D_cyrtoloma
D_repleta,D_arizonae,D_elegans
D_repleta,D_arizonae,D_ercepeae
D_repleta,D_arizonae,D_erecta
D_repleta,D_arizonae,D_funebris
D_repleta,D_arizonae,D_fuyamai
D_repleta,D_arizonae,D_grimshawi
D_repleta,D_arizonae,D_guanche
D_repleta,D_arizonae,D_immigrans_kari17
D_repleta,D_arizonae,D_jambulina
D_repleta,D_arizonae,D_kanapiae
D_repleta,D_arizonae,D_kikkawai
D_repleta,D_arizonae,D_kurseongensis
D_repleta,D_arizonae,D_lacteicornis
D_repleta,D_arizonae,D_leontia
D_repleta,D_arizonae,D_limitata
D_repleta,D_arizonae,D_lowei
D_repleta,D_arizonae,D_m_pallens
D_repleta,D_arizonae,D_malerkotliana_malerkotliana
D_repleta,D_arizonae,D_mayri
D_repleta,D_arizonae,D_melanogaster
D_repleta,D_arizonae,D_miranda
D_repleta,D_arizonae,D_montana
D_repleta,D_arizonae,D_murphyi
D_repleta,D_arizonae,D_nannoptera
D_repleta,D_arizonae,D_neohypocausta
D_repleta,D_arizonae,D_nikananu
D_repleta,D_arizonae,D_novamexicana
D_repleta,D_arizonae,D_obscura
D_repleta,D_arizonae,D_orena
D_repleta,D_arizonae,D_p_nigrens
D_repleta,D_arizonae,D_pachea
D_repleta,D_arizonae,D_parabipectinata
D_repleta,D_arizonae,D_parapallidosa
D_repleta,D_arizonae,D_pectinifera
D_repleta,D_arizonae,D_persimilis
D_repleta,D_arizonae,D_prolacticillia
D_repleta,D_arizonae,D_pruinosa
D_repleta,D_arizonae,D_pseudoananassae_pseudoananassae
D_repleta,D_arizonae,D_punjabiensis
D_repleta,D_arizonae,D_quadrilineata
D_repleta,D_arizonae,D_repletoides
D_repleta,D_arizonae,D_rhopaloa
D_repleta,D_arizonae,D_rufa
D_repleta,D_arizonae,D_sechellia
D_repleta,D_arizonae,D_seguyi
D_repleta,D_arizonae,D_serrata
D_repleta,D_arizonae,D_simulans
D_repleta,D_arizonae,D_sp_aff_chauvacae
D_repleta,D_arizonae,D_sproati
D_repleta,D_arizonae,D_subbadia
D_repleta,D_arizonae,D_subobscura
D_repleta,D_arizonae,D_suzukii
D_repleta,D_arizonae,D_tani
D_repleta,D_arizonae,D_teissieri_273_3
D_repleta,D_arizonae,D_triauraria
D_repleta,D_arizonae,D_truncata
D_repleta,D_arizonae,D_vulcana
D_repleta,D_arizonae,D_wassermani
D_repleta,D_arizonae,D_watanabei
D_repleta,D_arizonae,D_yakuba
D_repleta,D_arizonae,H_duncani
D_repleta,D_arizonae,L_stackelbergi
D_repleta,D_arizonae,S_flava
D_repleta,D_arizonae,S_montana
D_repleta,D_arizonae,Z_africanus
D_repleta,D_arizonae,Z_camerounensis
D_repleta,D_arizonae,Z_gabonicus
D_repleta,D_arizonae,Z_sepsoides_mayotte
D_repleta,D_mojavensis,D_aurauria
D_repleta,D_mojavensis,D_bakoue
D_repleta,D_mojavensis,D_bipectinata
D_repleta,D_mojavensis,D_birchii
D_repleta,D_mojavensis,D_bocqueti
D_repleta,D_mojavensis,D_bunnanda
D_repleta,D_mojavensis,D_burlai
D_repleta,D_mojavensis,D_erecta
D_repleta,D_mojavensis,D_fuyamai
D_repleta,D_mojavensis,D_jambulina
D_repleta,D_mojavensis,D_kanapiae
D_repleta,D_mojavensis,D_lacteicornis
D_repleta,D_mojavensis,D_leontia
D_repleta,D_mojavensis,D_m_pallens
D_repleta,D_mojavensis,D_malerkotliana_malerkotliana
D_repleta,D_mojavensis,D_mayri
D_repleta,D_mojavensis,D_parabipectinata
D_repleta,D_mojavensis,D_parapallidosa
D_repleta,D_mojavensis,D_pectinifera
D_repleta,D_mojavensis,D_persimilis
D_repleta,D_mojavensis,D_punjabiensis
D_repleta,D_mojavensis,D_repletoides
D_repleta,D_mojavensis,D_serrata
D_repleta,D_mojavensis,D_subbadia
D_repleta,D_mojavensis,D_subobscura
D_repleta,D_mojavensis,D_vulcana
D_repleta,D_mojavensis,D_watanabei
D_repleta,D_navojoa,D_ananassae
D_repleta,D_navojoa,D_athabasca
D_repleta,D_navojoa,D_bipectinata
D_repleta,D_navojoa,D_bunnanda
D_repleta,D_navojoa,D_burlai
D_repleta,D_navojoa,D_elegans
D_repleta,D_navojoa,D_erecta
D_repleta,D_navojoa,D_fuyamai
D_repleta,D_navojoa,D_kurseongensis
D_repleta,D_navojoa,D_lowei
D_repleta,D_navojoa,D_m_pallens
D_repleta,D_navojoa,D_miranda
D_repleta,D_navojoa,D_novamexicana
D_repleta,D_navojoa,D_orena
D_repleta,D_navojoa,D_persimilis
D_repleta,D_navojoa,D_punjabiensis
D_repleta,D_navojoa,D_sechellia
D_repleta,D_navojoa,D_serrata
D_repleta,D_navojoa,D_subbadia
D_repleta,D_navojoa,D_subpulchrella
D_repleta,D_navojoa,D_suzukii
D_repleta,D_navojoa,D_yakuba
D_repleta,D_seriema,D_acanthoptera
D_repleta,D_seriema,D_americana
D_repleta,D_seriema,D_ananassae
D_repleta,D_seriema,D_arawakana
D_repleta,D_seriema,D_athabasca
D_repleta,D_seriema,D_aurauria
D_repleta,D_seriema,D_azteca
D_repleta,D_seriema,D_bakoue
D_repleta,D_seriema,D_biarmipes
D_repleta,D_seriema,D_bifasciata
D_repleta,D_seriema,D_bipectinata
D_repleta,D_seriema,D_birchii
D_repleta,D_seriema,D_bocqueti
D_repleta,D_seriema,D_bunnanda
D_repleta,D_seriema,D_burlai
D_repleta,D_seriema,D_carrolli
D_repleta,D_seriema,D_cyrtoloma
D_repleta,D_seriema,D_differens
D_repleta,D_seriema,D_elegans
D_repleta,D_seriema,D_ercepeae
D_repleta,D_seriema,D_erecta
D_repleta,D_seriema,D_eugracilis
D_repleta,D_seriema,D_funebris
D_repleta,D_seriema,D_fuyamai
D_repleta,D_seriema,D_grimshawi
D_repleta,D_seriema,D_guanche
D_repleta,D_seriema,D_guttifera
D_repleta,D_seriema,D_immigrans
D_repleta,D_seriema,D_immigrans_kari17
D_repleta,D_seriema,D_innubila
D_repleta,D_seriema,D_jambulina
D_repleta,D_seriema,D_kanapiae
D_repleta,D_seriema,D_kikkawai
D_repleta,D_seriema,D_kurseongensis
D_repleta,D_seriema,D_lacteicornis
D_repleta,D_seriema,D_leontia
D_repleta,D_seriema,D_lowei
D_repleta,D_seriema,D_m_pallens
D_repleta,D_seriema,D_malerkotliana_malerkotliana
D_repleta,D_seriema,D_mauritiana
D_repleta,D_seriema,D_mayri
D_repleta,D_seriema,D_melanogaster
D_repleta,D_seriema,D_miranda
D_repleta,D_seriema,D_nannoptera
D_repleta,D_seriema,D_nasuta
D_repleta,D_seriema,D_neohypocausta
D_repleta,D_seriema,D_nikananu
D_repleta,D_seriema,D_novamexicana
D_repleta,D_seriema,D_obscura
D_repleta,D_seriema,D_ochracea
D_repleta,D_seriema,D_orena
D_repleta,D_seriema,D_p_nigrens
D_repleta,D_seriema,D_pachea
D_repleta,D_seriema,D_parabipectinata
D_repleta,D_seriema,D_pectinifera
D_repleta,D_seriema,D_persimilis
D_repleta,D_seriema,D_planitibia
D_repleta,D_seriema,D_primaeva
D_repleta,D_seriema,D_pseudoananassae_pseudoananassae
D_repleta,D_seriema,D_punjabiensis
D_repleta,D_seriema,D_rhopaloa
D_repleta,D_seriema,D_rufa
D_repleta,D_seriema,D_sechellia
D_repleta,D_seriema,D_seguyi
D_repleta,D_seriema,D_serrata
D_repleta,D_seriema,D_simulans
D_repleta,D_seriema,D_sp_aff_chauvacae
D_repleta,D_seriema,D_subobscura
D_repleta,D_seriema,D_subpulchrella
D_repleta,D_seriema,D_suzukii
D_repleta,D_seriema,D_takahashii
D_repleta,D_seriema,D_tani
D_repleta,D_seriema,D_teissieri_273_3
D_repleta,D_seriema,D_triauraria
D_repleta,D_seriema,D_truncata
D_repleta,D_seriema,D_vulcana
D_repleta,D_seriema,D_wassermani
D_repleta,D_seriema,D_yakuba
D_repleta,D_seriema,H_duncani
D_repleta,D_seriema,L_stackelbergi
D_repleta,D_seriema,Z_africanus
D_repleta,D_seriema,Z_camerounensis
D_repleta,D_seriema,Z_gabonicus
D_repleta,D_seriema,Z_ghesquierei
D_repleta,D_seriema,Z_inermis
D_repleta,D_seriema,Z_tsacasi
